City_ID,City,Country,Max Temp,Current Description,Lat,Lng,Hotel Name
0,Faanui,PF,76.41,light rain,-16.4833,-151.75,Bora-Bora Pearl Beach Resort & Spa
3,Cape Town,ZA,59.38,fog,-33.9258,18.4232,"Radisson Blu Hotel Waterfront, Cape Town"
4,Antofagasta,CL,54.68,clear sky,-23.65,-70.4,"Holiday Inn Express Antofagasta, an IHG Hotel"
5,Mataura,NZ,43.72,broken clouds,-46.1927,168.8643,Ellie's Villa
7,Teguise,ES,68.22,clear sky,29.0605,-13.564,B&B La Casona de Nazaret
9,Severo-Kurilsk,RU,56.91,overcast clouds,50.6789,156.125,Kak Doma
10,Hobart,AU,52.27,light rain,-42.8794,147.3294,St Ives Hobart Accommodation Tasmania
11,Hermanus,ZA,52.81,broken clouds,-34.4187,19.2345,Misty Waves Boutique Hotel
12,Touros,BR,73.89,clear sky,-5.1989,-35.4608,INN NEW HORIZON
13,Puerto Ayora,EC,69.55,overcast clouds,-0.7393,-90.3518,Finch Bay Galapagos Hotel
15,Rikitea,PF,67.68,moderate rain,-23.1203,-134.9692,People ThankYou
16,Khatanga,RU,62.92,overcast clouds,71.9667,102.5,"""Khatanga"""
17,Boden,SE,55.4,overcast clouds,65.8252,21.6886,Quality Hotel Bodensia
19,Astorga,BR,65.14,overcast clouds,-23.2325,-51.6656,Rancho Jads
20,Lompoc,US,66.58,clear sky,34.6391,-120.4579,"Holiday Inn Express Lompoc, an IHG Hotel"
23,Shache,CN,77.41,scattered clouds,38.4167,77.2406,Delong Hotel
25,Duiwelskloof,ZA,53.06,broken clouds,-23.6934,30.14,Silvermist Guesthouse
26,Bambous Virieux,MU,70.21,light rain,-20.3428,57.7575,Casa Tia Villa
27,Polonnaruwa,LK,82.9,broken clouds,7.9333,81.0,Thisara Guest House
28,Clyde River,CA,50.23,clear sky,70.4692,-68.5914,Qamaq Hotel
29,Thompson,CA,74.44,overcast clouds,55.7435,-97.8558,Burntwood Hotel
30,Castro,BR,61.21,overcast clouds,-24.7911,-50.0119,CHACARA BAILLY
31,Campbell River,CA,64.45,broken clouds,50.0163,-125.2446,Anchor Inn & Suites
33,Alta Floresta,BR,80.24,broken clouds,-9.8756,-56.0861,Floresta Amazonica Hotel
34,Hamada,JP,79.52,scattered clouds,34.8833,132.0833,Shimane Hamada Washington Hotel Plaza
35,Gladstone,AU,71.53,scattered clouds,-23.85,151.25,Highpoint International Hotel
36,Butaritari,KI,80.19,moderate rain,3.0707,172.7902,Isles Sunset Lodge
42,Kirakira,SB,84.33,overcast clouds,-10.4544,161.9205,SanBiz Lodge
43,Yar-Sale,RU,61.74,clear sky,66.8333,70.8333,Yalemd
44,Mumford,GH,74.75,light rain,5.2618,-0.759,Spanish Villa
45,Hithadhoo,MV,83.17,broken clouds,-0.6,73.0833,Scoop Guest House
46,Panzhihua,CN,84.43,overcast clouds,26.5851,101.7128,Electric Power Hotel
47,Quime,BO,46.96,overcast clouds,-16.9833,-67.2167,Hostal Colibri
49,Vaini,TO,80.76,few clouds,-21.2,-175.2,Keleti Beach Resort
50,Gizo,SB,82.69,light rain,-8.103,156.8419,Imagination Island
51,Ribera,IT,75.65,clear sky,37.4984,13.2642,B&B Le Foglie D'Argento
52,Bredasdorp,ZA,50.32,overcast clouds,-34.5322,20.0403,Bredasdorp Country Manor
53,Mar Del Plata,AR,50.88,light intensity drizzle,-38.0023,-57.5575,Gran Hotel Mar del Plata
55,Bluff,NZ,47.26,overcast clouds,-46.6,168.3333,Bluff Homestead - Guesthouse & Campervan Park
57,East London,ZA,58.05,broken clouds,-33.0153,27.9116,Tu Casa
59,Tazovskiy,RU,57.43,clear sky,67.4667,78.7,TazHostel
60,Wuwei,CN,65.68,overcast clouds,37.9281,102.6414,Thank Inn Chain Hotel gansu wuwei liangzhou district xiguan middle road
61,Busselton,AU,59.36,overcast clouds,-33.65,115.3333,Observatory Guest House
62,Port Macquarie,AU,64.89,overcast clouds,-31.4333,152.9167,Rydges Port Macquarie
63,Torbay,CA,62.89,broken clouds,47.6666,-52.7314,Gallows Cove
64,Oussouye,SN,79.43,overcast clouds,12.485,-16.5469,Auberge du Routard
65,Lagoa,PT,68.79,clear sky,39.05,-27.9833,Casa Das Faias
66,Avarua,CK,77.05,light rain,-21.2078,-159.775,Paradise Inn
68,Chodavaram,IN,80.44,overcast clouds,17.8333,82.95,Ganesh Defence Academy chodavadaram hostel
69,Hvide Sande,DK,53.1,scattered clouds,56.0045,8.1294,Hvide Sande Hotel
70,Sao Filipe,CV,74.43,overcast clouds,14.8961,-24.4956,Hotel Xaguate
71,San Cristobal,VE,71.78,scattered clouds,7.7669,-72.225,Pirineos
72,Jamestown,US,63.99,overcast clouds,42.097,-79.2353,Hampton Inn & Suites Jamestown
73,Santa Maria Da Vitoria,BR,67.42,clear sky,-13.3947,-44.1886,Pousada Rio Current
74,Alice Springs,AU,65.75,clear sky,-23.7,133.8833,Desert Palms Alice Springs
77,Lac Du Bonnet,CA,67.59,clear sky,50.2536,-96.0612,Drifter's Inn
78,Lisieux,FR,55.13,clear sky,49.1667,0.1667,La ville au calme
79,Naze,JP,86.92,overcast clouds,28.3667,129.4833,Shishime Hotel
80,Gornopravdinsk,RU,64.35,overcast clouds,60.05,69.9,Hostel
82,Qaanaaq,GL,51.3,broken clouds,77.484,-69.3632,Qaanaaq Hotel
83,Leningradskiy,RU,44.69,overcast clouds,69.3833,178.4167,Gostinitsa
84,Sao Jose Da Coroa Grande,BR,73.85,few clouds,-8.8978,-35.1478,Crôa Mares Hotel
86,Musoma,TZ,70.21,overcast clouds,-1.5,33.8,New Peninsula Hotel
87,Acajutla,SV,80.22,overcast clouds,13.5928,-89.8275,Laureles
88,Roebourne,AU,70.79,clear sky,-20.7833,117.1333,Latitude20 Roebourne Village
90,Carnarvon,AU,69.31,clear sky,-24.8667,113.6333,Hospitality Carnarvon
91,Storforshei,NO,48.65,overcast clouds,66.4043,14.5233,Campingplass Mo i Rana: Storli Camping
93,Terrace,CA,57.11,light rain,54.5163,-128.6035,Northern Motor Inn
95,San Patricio,US,85.84,scattered clouds,28.017,-97.5169,"Motel 6 Sinton, TX"
97,Kodiak,US,63.91,overcast clouds,57.79,-152.4072,Best Western Kodiak Inn And Convention Center
98,Mangrol,IN,81.52,overcast clouds,21.1167,70.1167,Hotel The Royal Honours
99,Tasiilaq,GL,48.36,overcast clouds,65.6145,-37.6368,The Red House
100,Severodvinsk,RU,59.11,overcast clouds,64.5635,39.8302,Park Hotel
102,Kologriv,RU,54.63,clear sky,58.8275,44.3178,Postoyalyy Dvor
103,Yellowknife,CA,64.09,broken clouds,62.456,-114.3525,The Explorer Hotel
104,Grand-Bourg,GP,80.55,clear sky,15.8835,-61.3148,Coco Beach Resort
105,Fairhope,US,78.67,clear sky,30.523,-87.9033,Hampton Inn Fairhope-Mobile Bay
106,Shitanjing,CN,75.04,broken clouds,39.2342,106.3439,Yingbin Hotel
107,Kaitangata,NZ,46.74,scattered clouds,-46.2817,169.8464,Kaitangata Motor Camp
108,Mahebourg,MU,70.25,broken clouds,-20.4081,57.7,Shandrani Beachcomber Resort & Spa
109,Cayenne,GF,76.08,mist,4.9333,-52.3333,Hôtel Le Dronmi
110,Gavardo,IT,75.83,clear sky,45.5894,10.4426,Boutique Hotel Villa dei Campi
111,Cananeia,BR,68.16,overcast clouds,-25.0147,-47.9267,Pousada Ancoradouro
112,Ribeira Grande,PT,69.66,clear sky,38.5167,-28.7,Quinta da Meia Eira
113,San-Pedro,CI,73.74,light rain,4.7485,-6.6363,Hotel Maria
114,Marsh Harbour,BS,81.48,overcast clouds,26.5412,-77.0636,Abaco Beach Resort
115,Makat,KZ,77.88,clear sky,47.6469,53.3463,Umit
119,Sackville,CA,64.87,scattered clouds,45.9188,-64.3846,Sackville Bed and Breakfast
121,Cobija,BO,76.95,overcast clouds,-11.0267,-68.7692,Hotel Obelisco
122,Pauini,BR,78.98,overcast clouds,-7.7136,-66.9764,Casa do Kiwliks
123,Esperance,AU,59.63,overcast clouds,-33.8667,121.9,Hospitality Esperance
124,Semnan,IR,80.44,clear sky,35.5729,53.3971,Semnan Tourist Hotel
126,Harper,LR,74.19,light rain,4.375,-7.7169,Screensaver
127,Bud,US,74.05,overcast clouds,39.447,-86.1758,Ted McQuinn Trust
128,Semirom,IR,57.25,clear sky,31.4167,51.5667,Motel Dena
129,Caravelas,BR,70.16,broken clouds,-17.7125,-39.2481,Pousada dos Navegantes
132,Tuatapere,NZ,46.74,scattered clouds,-46.1333,167.6833,Ron and Tony's Bed & Breakfast
134,Hobyo,SO,76.42,overcast clouds,5.3505,48.5268,Iftin hotel hobyo
135,Yanam,IN,79.34,overcast clouds,16.7333,82.2167,The Regency Hotel
136,Brae,GB,48.51,clear sky,60.3964,-1.353,Busta House Hotel
137,Padang,ID,84.25,overcast clouds,-0.9492,100.3543,Mercure Padang
139,Chuy,UY,58.1,overcast clouds,-33.6971,-53.4616,Nuevo Hotel Plaza
140,Luau,AO,59.34,clear sky,-10.7073,22.2247,Kimbo Hotel
141,Belmonte,BR,71.78,broken clouds,-15.8631,-38.8828,Pousada Monte Carmelo O Pão
144,Mansfield,GB,55.44,few clouds,53.1333,-1.2,Mansfield Lodge Hotel
145,Port Elizabeth,ZA,48.49,clear sky,-33.918,25.5701,39 On Nile Guest House
146,Celestun,MX,80.92,clear sky,20.8667,-90.4,Posada Lilia
150,Oktyabrskiy,RU,62.49,clear sky,54.4815,53.471,Гостиница Октябрьская
151,Port Alfred,ZA,58.26,overcast clouds,-33.5906,26.891,The Halyards Hotel
154,Kindu,CD,70.48,scattered clouds,-2.95,25.95,Résidence Okanda
156,Atuona,PF,77.2,clear sky,-9.8,-139.0333,Villa Enata
157,Zhigansk,RU,59.85,clear sky,66.7697,123.3711,Gostinichnyy Kompleks Aylgy
160,Komsomolskiy,UZ,84.92,clear sky,40.4272,71.7189,Ikathouse
161,Vardo,NO,53.58,broken clouds,70.3705,31.1107,Vardø Hotel AS
162,Redmond,US,78.37,few clouds,47.674,-122.1215,Seattle Marriott Redmond
163,Omboue,GA,72.32,overcast clouds,-1.5746,9.2618,Hotel Olako
164,Buchanan,LR,74.71,light rain,5.8808,-10.0467,Kamaneahn Hotel Inc
165,Karasjok,NO,54.21,overcast clouds,69.4719,25.5112,Karasjok camping AS
167,Husavik,IS,50.54,overcast clouds,66.0449,-17.3389,Bjarnabúð
169,Presidente Medici,BR,79.99,overcast clouds,-11.1753,-61.9014,Oliveira Palace Hotel
170,Vila Velha,BR,69.75,clear sky,-20.3297,-40.2925,Hotel Vitória Palace
171,Takoradi,GH,75.07,light rain,4.8845,-1.7554,Raybow International Hotel
172,Ahipara,NZ,55.45,few clouds,-35.1667,173.1667,Ahipara Holiday Park
174,Wladyslawowo,PL,56.01,broken clouds,54.7909,18.4009,Gwiazda Morza Resort SPA&SPORT
177,Souillac,MU,68.38,light rain,-20.5167,57.5167,Shanti Maurice Resort & Spa
178,Bereznik,RU,57.7,broken clouds,62.8551,42.7072,coastal Hotel
180,Quatre Cocos,MU,70.09,light rain,-20.2078,57.7625,Sunrise Attitude Hotel
182,Calabar,NG,72.5,light rain,4.9517,8.322,NAKS Hotels (Formerly NAF Club)
183,Bilma,NE,82.9,overcast clouds,18.6853,12.9164,Expeditions Ténére voyages
185,Sorland,NO,49.86,overcast clouds,67.667,12.6934,Sjybrygga fiskecamp
186,Kununurra,AU,75.18,clear sky,-15.7667,128.7333,Hotel Kununurra
187,Margate,GB,63.3,few clouds,51.3813,1.3862,Premier Inn Margate hotel
188,Trinidad,BO,82.63,overcast clouds,-14.8333,-64.9,Hotel Piesta
190,Preston,GB,57.67,broken clouds,53.7667,-2.7167,Legacy Preston International Hotel - managed by Legacy Hotels and Resorts
191,Phan Thiet,VN,85.39,few clouds,10.9333,108.1,Hotel Saigon-PT
192,Matamoros,MX,89.71,dust,25.5333,-103.25,Quinta Belem
193,Bentiu,SS,68.92,scattered clouds,9.2333,29.8333,Mandela hôtel
194,Pisco,PE,60.03,smoke,-13.7,-76.2167,Hotel San Isidro Oficial
196,Jiuquan,CN,75.18,overcast clouds,39.7432,98.5174,Jiuquan Hotel
197,Korem,ET,57.27,overcast clouds,12.5058,39.5228,Lakomeliza Hotel
201,Camargo,MX,84.94,broken clouds,27.6667,-105.1667,Hotel Santa Fe
202,Mossendjo,CG,63.73,broken clouds,-2.9506,12.7261,HOTEL D'ASSISE
203,Seoul,KR,81.97,broken clouds,37.5683,126.9778,Lotte Hotel Seoul
204,Kitros,GR,77.95,clear sky,40.3756,22.5783,Achillion Hotel
205,Havre-Saint-Pierre,CA,55.76,broken clouds,50.2334,-63.5986,Auberge Niapiskau
206,Tobermory,CA,63.77,overcast clouds,45.2501,-81.6665,Escarpment Heights Motel
207,Kapaa,US,84.18,clear sky,22.0752,-159.319,Sheraton Kauai Coconut Beach Resort
212,Buala,SB,85.17,broken clouds,-8.145,159.5921,Maringe Lagoon Lodge
213,Ixtapa,MX,85.23,broken clouds,20.7,-105.2,hotel la terminal
215,Bolivar,US,88.75,clear sky,37.6145,-93.4105,Comfort Inn Bolivar
216,Sur,OM,85.5,overcast clouds,22.5667,59.5289,Sur Plaza Hotel
217,Da Nang,VN,87.78,clear sky,16.0678,108.2208,Grand Mercure Danang
218,Beira,MZ,63.72,light rain,-19.8436,34.8389,Beira Terrace Hotel
219,Senanga,ZM,50.95,clear sky,-16.1167,23.2667,Zango lodge
220,Plock,PL,51.98,overcast clouds,52.5468,19.7064,HERMAN
221,Joshimath,IN,76.42,few clouds,30.5667,79.5667,Shivalik Camps & Resort
223,Cherskiy,RU,66.51,overcast clouds,68.75,161.3,Gostinitsa
224,Koumac,NC,73.51,clear sky,-20.5667,164.2833,Le Monitel
225,Flinders,AU,62.38,overcast clouds,-34.5833,150.8552,Shellharbour Resort & Conference Centre
226,Lais,PH,83.08,moderate rain,6.3328,125.6464,Iwata - hide family beach house
227,Lorengau,PG,83.73,broken clouds,-2.0226,147.2712,Lorengau Harbourside Hotel
229,Cidreira,BR,62.98,overcast clouds,-30.1811,-50.2056,Hotel Castelo
231,Champerico,GT,75.36,overcast clouds,14.3,-91.9167,"Hotel y restaurante ""El Diamante"""
232,Chernyshevskiy,RU,57.76,moderate rain,63.0128,112.4714,Chernyseyskiy
233,Balkanabat,TM,81.37,clear sky,39.5108,54.3671,Nebitchi Hotel
234,Hambantota,LK,80.55,overcast clouds,6.1241,81.1185,Bungalow 63
235,Petropavlovsk-Kamchatskiy,RU,72.19,few clouds,53.0452,158.6483,The Hotel Petropavlovsky
236,Cabo Rojo,PR,81.68,clear sky,18.0866,-67.1457,Hotel Perichi's
237,Kuruman,ZA,48.81,clear sky,-27.4524,23.4325,Cornerstone Guest House
238,Terney,RU,59.63,moderate rain,45.0503,136.6092,"Hotel ""Ternay"""
239,Yulara,AU,62.37,clear sky,-25.2406,130.9889,Desert Gardens Hotel - Ayers Rock Resort
240,Jacmel,HT,84.04,scattered clouds,18.2342,-72.5347,Historic Hotel Florita
247,Fort Nelson,CA,76.59,broken clouds,58.8053,-122.7002,The Fort Nelson Hotel
249,Vao,NC,68.68,clear sky,-22.6667,167.4833,Hotel Kou-Bugny
250,Tautira,PF,75.7,broken clouds,-17.7333,-149.15,Pension Oaoa
251,Tura,IN,80.64,clear sky,25.5198,90.2201,Hotel RIKMAN Continental
252,Poronaysk,RU,59.07,broken clouds,49.2167,143.1167,Avtovokzal Khostel Stolovaya
253,Coquimbo,CL,47.93,broken clouds,-29.9533,-71.3436,Hotel San Juan
254,Kawalu,ID,75.61,overcast clouds,-7.3817,108.2082,West Jontor
255,Gweta,BW,54.61,clear sky,-20.1833,25.2333,Gweta Lodge
257,Nouadhibou,MR,68.41,clear sky,20.931,-17.0347,El Medina
258,Kaeo,NZ,59.32,light rain,-35.1,173.7833,Bushido Lodge
260,Paramonga,PE,60.62,scattered clouds,-10.6667,-77.8333,"Av Douglas Stephen, Los Chalets Paramonga, Lima, Perú"
262,Wum,CM,64.26,overcast clouds,6.3833,10.0667,Wum Council Hall
264,Kruisfontein,ZA,53.51,overcast clouds,-34.0033,24.7314,Oyster Bay House Rental
266,Luganville,VU,78.69,scattered clouds,-15.5333,167.1667,The Espiritu Hotel
267,Cockburn Town,TC,81.68,broken clouds,21.4612,-71.1419,Osprey Beach Hotel
269,Inza,RU,58.41,clear sky,53.8533,46.3586,Gostevoy Dom
270,Sainte-Anne-Des-Monts,CA,66.07,scattered clouds,49.124,-66.4924,Motel et restaurant Manoir sur Mer Enr.
271,Leh,IN,55.98,overcast clouds,34.1667,77.5833,Hotel Ladakh Greens
272,Santiago,CL,43.54,moderate rain,-33.4569,-70.6483,Hotel Panamericano
275,Katobu,ID,83.44,overcast clouds,-4.9408,122.5276,La Ode Husein
276,Mehamn,NO,53.55,few clouds,71.0357,27.8492,Mehamn Arctic Hotel AS
277,Thunder Bay,CA,67.98,few clouds,48.4001,-89.3168,Victoria Inn Hotel and Convention Centre
278,Hasaki,JP,77.4,light rain,35.7333,140.8333,Inubosaki Kanko Hotel
280,Soyo,AO,69.03,few clouds,-6.1349,12.3689,Hospedaria ndozi'ame
282,Longyearbyen,SJ,51.64,broken clouds,78.2186,15.6401,"Radisson Blu Polar Hotel, Spitsbergen"
283,Savannah Bight,HN,81.77,overcast clouds,16.45,-85.85,Villa on Dunbar Rock
284,El Sauzal,MX,68.41,scattered clouds,31.9,-116.6833,Hotel Las Rosas & Spa
286,Lujan,AR,51.51,few clouds,-34.5703,-59.105,Hotel Biarritz
287,Jiazi,CN,86.56,overcast clouds,22.8779,116.067,Hotel Jin Hao
288,Alofi,NU,82.29,few clouds,-19.0595,-169.9187,Taloa Heights
289,Hoquiam,US,65.84,mist,46.9809,-123.8893,Econo Lodge Inn & Suites
290,Bitung,ID,88.65,overcast clouds,1.4451,125.1824,K2 Lembeh
291,Saint Paul,US,82.96,broken clouds,44.9444,-93.0933,"InterContinental Saint Paul Riverfront, an IHG Hotel"
295,Mocuba,MZ,57.18,clear sky,-16.8392,36.9856,Phama Lodge
296,Isangel,VU,73.51,overcast clouds,-19.55,169.2667,Tanna Lodge
297,Namwala,ZM,54.68,clear sky,-15.7504,26.4384,Corner Point Lodge
299,Bull Savanna,JM,76.98,broken clouds,17.8868,-77.5902,Big Red's
302,Nanortalik,GL,40.5,overcast clouds,60.1432,-45.2371,Hotel Kap Farvel
304,Amurzet,RU,67.44,overcast clouds,47.6967,131.0981,Gostinitsa Kvartirnogo Tipa
305,Atar,MR,89.08,clear sky,20.5169,-13.0499,Oumou Elghoura
306,Sitka,US,55.29,overcast clouds,57.0531,-135.33,Westmark Sitka
307,Key West,US,87.8,few clouds,24.5557,-81.7826,Fairfield Inn & Suites by Marriott Key West
308,Shimoda,JP,75.56,moderate rain,34.6667,138.95,Shimoda Tokyu Hotel
309,Haines Junction,CA,64.35,overcast clouds,60.7522,-137.5108,Parkside Inn
310,Dano,BF,71.76,moderate rain,11.15,-3.0667,Auberge Phenix32-Dano
311,Constitucion,CL,43.88,overcast clouds,-35.3333,-72.4167,Hotel Boutique Las Azucenas
312,Talnakh,RU,65.21,clear sky,69.4865,88.3972,Talnakh Hotel
313,Madeji,PK,82.42,overcast clouds,27.7544,68.4526,Maki Madani hotal Madeji
314,Cabras,IT,71.76,clear sky,39.93,8.5314,Hotel Villa Canu
315,Rexburg,US,87.31,clear sky,43.826,-111.7897,AmericInn by Wyndham Rexburg BYUI
317,Port Hawkesbury,CA,60.39,few clouds,45.6169,-61.3485,MacKenzie House Tourist Home B&B
318,Resen,MK,64.98,clear sky,41.0889,21.0122,Royal L Hotel
320,Severobaykalsk,RU,51.55,light rain,55.65,109.3167,Hostel03RUS
321,Mogadishu,SO,75.96,broken clouds,2.0371,45.3438,Hotel Juba
322,Hami,CN,86.4,overcast clouds,42.8,93.45,Laoyutang Resort
323,Azul,AR,47.34,overcast clouds,-36.777,-59.8585,Cabañas Dulcinea
324,Lucapa,AO,68.68,overcast clouds,-8.4192,20.7447,Lírio Mendes
326,Steyr,AT,58.51,overcast clouds,48.0427,14.4213,Christkindlwirt
327,Georgetown,MY,85.93,few clouds,5.4112,100.3354,Cititel Penang
328,Lima,PE,59.25,overcast clouds,-12.0432,-77.0282,Hotel Kamana
329,Otane,NZ,54.01,few clouds,-39.8833,176.6333,Ludlow Farmstay
331,Aklavik,CA,61.29,overcast clouds,68.2191,-135.0107,Aklavik Inn
332,Muscle Shoals,US,81.14,clear sky,34.7448,-87.6675,Microtel Inn & Suites by Wyndham Tuscumbia/Muscle Shoals
334,Veinticinco De Mayo,AR,48.97,scattered clouds,-35.4323,-60.1727,Estancia La Rosada
335,Kem,RU,56.79,overcast clouds,64.9555,34.5793,Kuzova
337,Yorosso,ML,72.27,moderate rain,12.3536,-4.7761,Maison d'arrêt et de correction de Yoro
338,Churapcha,RU,80.65,scattered clouds,62.0025,132.4325,"""Tusku"""
342,May Pen,JM,81.61,few clouds,17.9645,-77.2451,Mus Com Bac
343,Ruzhyn,UA,54.39,broken clouds,49.7228,29.2046,Alex
344,Boffa,GN,77.5,overcast clouds,10.1667,-14.0333,Hôtel Niara Belly
347,Ucluelet,CA,57.09,overcast clouds,48.9329,-125.5528,Black Rock Oceanfront Resort
348,Howard Springs,AU,77.99,broken clouds,-12.497,131.047,buffalo beach hostel
349,Bubaque,GW,80.2,overcast clouds,11.2833,-15.8333,"Casa Dora, Bubaque"
350,Grand Gaube,MU,70.38,overcast clouds,-20.0064,57.6608,Veranda Paul et Virginie Hotel & Spa
351,Kieta,PG,84.76,light rain,-6.2167,155.6333,Uruna Bay Retreat
352,Vila Franca Do Campo,PT,70.2,light rain,37.7167,-25.4333,Pestana Bahia Praia
353,Bathsheba,BB,83.01,broken clouds,13.2167,-59.5167,Atlantis Hotel
355,Palmer,US,71.15,clear sky,42.1584,-72.3287,Wedgewood Motel
358,Mikumi,TZ,63.34,broken clouds,-7.4041,36.9831,Morio Motel and Campsite
362,Port Hedland,AU,75.25,clear sky,-20.3167,118.5667,The Esplanade Hotel
363,Sawtell,AU,67.19,overcast clouds,-30.3833,153.1,The Bungalow Sawtell
365,Warwick,US,71.29,few clouds,41.7001,-71.4162,Hampton Inn & Suites Providence/Warwick-Airport
366,Boralday,KZ,80.46,clear sky,43.3578,76.8594,"Zhetysu, Too Zhetysu"
368,Maun,BW,58.96,clear sky,-19.9833,23.4167,Enviro Villa
369,Vicente Guerrero,MX,56.59,overcast clouds,19.1194,-98.1708,Instituto De Seguridad Y Servicios Sociales De Los Trabajadores Del Estado
370,Limot,PH,85.87,moderate rain,7.0405,126.2727,Buso Hot Spring
371,Paamiut,GL,40.03,overcast clouds,61.994,-49.6678,Pistut
373,Savonlinna,FI,55.45,scattered clouds,61.8699,28.88,Spahotel Casino
377,Vila Do Maio,CV,75.99,few clouds,15.1333,-23.2167,Hotel Marilu
379,Verkhnyaya Toyma,RU,59.22,overcast clouds,62.2349,44.9985,Gostinitsa
380,Namatanai,PG,84.47,broken clouds,-3.6667,152.4333,Seagulls Inn Namatani
381,Cap Malheureux,MU,70.47,overcast clouds,-19.9842,57.6142,Pereybere Hotel & Spa
383,Nelson Bay,AU,60.12,overcast clouds,-32.7167,152.15,Mantra Nelson Bay
384,Kamiiso,JP,64.78,broken clouds,41.8167,140.65,Business Inn Abe
385,Narsaq,GL,48.42,overcast clouds,60.9167,-46.05,Sleep In Narsaq
386,Marawi,PH,81.16,scattered clouds,7.9986,124.2928,Derogongan Residence
387,Biak,ID,76.55,overcast clouds,-0.9131,122.8766,Penginapan Kim
388,Zhaotong,CN,73.65,overcast clouds,27.3167,103.7167,Jingguan Home
390,Salinas,US,83.21,clear sky,36.6777,-121.6555,Laurel Inn & Conference Center
391,Lebu,CL,44.26,scattered clouds,-37.6167,-73.65,Hostal Las Lilas
392,Muros,ES,67.15,scattered clouds,42.7762,-9.0603,Apartment Av. Castelao
393,Te Anau,NZ,42.82,few clouds,-45.4167,167.7167,Kingsgate Hotel Te Anau
394,Kailua,US,84.18,clear sky,21.4022,-157.7394,Sheffield House Bed & Breakfast
395,Codrington,AU,52.48,overcast clouds,-38.2667,141.9667,Codrington Gardens Bed And Breakfast
396,Edson,CA,78.91,clear sky,53.5835,-116.4356,"Holiday Inn Express & Suites Edson, an IHG Hotel"
397,Xintai,CN,84.61,overcast clouds,35.9006,117.7519,银座佳驿酒店
398,Adeje,ES,73.87,scattered clouds,28.1227,-16.726,Gran Tacande Wellness & Relax
399,Shanting,CN,85.21,moderate rain,35.0753,117.4578,JUNYI Hotel Shandong Zaozhuang Shanting District Xinyuan Road
401,Machiques,VE,77.41,few clouds,10.0644,-72.545,hotel el markes
402,Osmanabad,IN,71.53,overcast clouds,18.1667,76.05,Hotel Megh Malhar
403,Makarov,RU,59.34,broken clouds,48.6333,142.8,Gostinitsa ''yana''
404,Mecca,SA,85.44,broken clouds,21.4267,39.8261,"Makkah Clock Royal Tower, A Fairmont Hotel"
406,Namtsy,RU,81.68,overcast clouds,62.7161,129.6658,"""Эңсиэли Киин"""
407,Athabasca,CA,73.81,broken clouds,54.7169,-113.2854,Athabasca Lodge Motel
408,Bonavista,CA,55.71,overcast clouds,48.6499,-53.1147,Sweet Sharons bnb
409,Saint Anthony,US,82.33,clear sky,45.0205,-93.218,Holiday Inn Express Roseville-St. Paul
411,Anadyr,RU,57.7,few clouds,64.75,177.4833,Отке17.ру — жильё для командированных
413,Matara,LK,78.62,overcast clouds,5.9485,80.5353,Amaloh Boutique Resort
414,Pilar,BR,75.13,scattered clouds,-9.5972,-35.9567,Pousada e churrascaria Manguaba
416,Los Llanos De Aridane,ES,66.13,scattered clouds,28.6585,-17.9182,Valle Aridane
419,Nikolskoye,RU,55.8,broken clouds,59.7035,30.7861,Tourist House - Sablino
420,Worland,US,81.61,few clouds,44.0169,-107.9554,Town House Motor Inn
421,Mabaruma,GY,73.18,overcast clouds,8.2,-59.7833,Monty Brooms Guest House
422,Kota Kinabalu,MY,85.98,few clouds,5.9749,116.0724,Gaya Centre Hotel
425,Carinhanha,BR,68.2,broken clouds,-14.3047,-43.765,Hotel União
426,Sojitra,IN,80.98,overcast clouds,22.55,72.7167,Gayatri Villa
427,Itarema,BR,78.19,scattered clouds,-2.9248,-39.9167,"Sea Lounge! Bar, Club & Restaurant"
428,Paita,PE,63.27,clear sky,-5.0892,-81.1144,Hotel Náutico de Paita
431,Mbandaka,CD,71.56,few clouds,0.0487,18.2603,Guest House Epervier
433,Japura,ID,81.72,broken clouds,-0.3167,102.35,Rumah mbah Jamah
434,Port Hardy,CA,55.58,broken clouds,50.6996,-127.4199,Airport Inn-Port Hardy
435,Marysville,US,78.71,overcast clouds,48.0518,-122.1771,"Holiday Inn Express & Suites Marysville, an IHG Hotel"
436,Poitiers,FR,63.01,clear sky,46.5833,0.3333,ibis Poitiers Centre
438,Faya,SA,68.52,overcast clouds,18.3851,42.4509,املاك خالد الشعشوع
439,Yatou,CN,81.45,few clouds,37.15,122.3833,GreenTree Hotel Rongcheng Bus Station
440,Hit,IQ,88.65,clear sky,33.6416,42.8251,ࢪُبَمـا ؏ُـمَـࢪ
443,Vestmannaeyjar,IS,53.06,overcast clouds,63.4427,-20.2734,Glamping & Camping
445,Ancud,CL,40.23,clear sky,-41.8697,-73.8203,Hotel Arena Gruesa
446,Long Beach,US,86.95,clear sky,33.767,-118.1892,The Westin Long Beach
449,Abu Zabad,SD,73.47,broken clouds,12.35,29.25,حامد محمد نور
450,Tena,EC,69.15,moderate rain,-0.9833,-77.8167,Hostal Tena Ñaui
451,Syracuse,IT,72.99,clear sky,37.0881,15.2792,Hotel Posta
452,Broome,US,66.02,overcast clouds,42.2506,-75.833,Chenango Valley State Park
453,Yarada,IN,80.92,mist,17.65,83.2667,Yarada Jungle Beach Resorts
454,Vestmanna,FO,47.32,overcast clouds,62.1564,-7.1664,Vestmanna Camping
455,Dudinka,RU,65.62,clear sky,69.4058,86.1778,Hotel Viktoria
460,Tezu,IN,89.76,clear sky,27.9167,96.1667,Circuit House
461,Pacov,CZ,50.68,broken clouds,49.4708,15.0017,Ubytovaní Hrubešovi
462,Ayr,GB,50.31,few clouds,55.4627,-4.6339,Mercure Ayr Hotel
464,Dicabisagan,PH,88.72,overcast clouds,17.0818,122.4157,Nancy Montanes Bernardo
466,Pangody,RU,63.77,clear sky,65.85,74.4859,Elizaveta Shevchuk's House
467,Mrakovo,RU,61.32,clear sky,52.7161,56.6244,Putnik
468,Alihe,CN,71.64,light rain,50.5667,123.7167,Alihe Forestry Hotel
471,Lunca Cernii De Jos,RO,62.55,overcast clouds,45.6333,22.6167,Hanul Lupilor
474,Camacha,PT,65.62,broken clouds,33.0833,-16.3333,Hotel Porto Santo & Spa
476,Batemans Bay,AU,57.61,overcast clouds,-35.7167,150.1833,Batemans Bay Marina Resort
477,Haicheng,CN,72.79,broken clouds,40.8516,122.7475,Haicheng Grand Hotel
479,Sal Rei,CV,74.75,scattered clouds,16.1833,-22.9167,Marine Club Beach Resort
480,Nagato,JP,77.47,overcast clouds,34.3833,131.2,いそう庵
481,Kemijarvi,FI,53.33,light rain,66.7131,27.4306,Hotelli Kemijärvi
482,Santa Rosa,PH,88.11,scattered clouds,14.3122,121.1114,Erlyn’s Sta Rosa City Home
485,Boa Vista,BR,76.98,clear sky,2.8197,-60.6733,Aipana Plaza Hotel
486,Ravar,IR,77.36,clear sky,31.2656,56.8055,computertik
487,Sao Sebastiao,BR,71.38,broken clouds,-23.76,-45.4097,Hotel Recanto dos Pássaros
488,College,US,64.58,light rain,64.8569,-147.8028,Pike's Waterfront Lodge
490,Haradok,BY,48.31,broken clouds,55.4624,29.9816,Sportivnyy Gorodok
491,Braunau,CZ,52.3,scattered clouds,50.5857,16.3318,Ubytovani na hradbach
492,Curug,ID,73.78,moderate rain,-6.2658,106.5564,BC Lintas Padat Karya
493,Bagdarin,RU,63.03,overcast clouds,54.4333,113.6,Gostevoy Dom Terem
494,Xai-Xai,MZ,66.16,light rain,-25.0519,33.6442,Complexo da Familia
495,Cap-Aux-Meules,CA,59.05,scattered clouds,47.3821,-61.8597,Auberge Madeli
496,Viedma,AR,43.81,overcast clouds,-40.8135,-62.9967,Hotel Cristal
497,Trairi,BR,77.32,few clouds,-3.2778,-39.2689,janelas do mar
498,Vilaka,LV,48.0,overcast clouds,57.1846,27.6722,Million Star Hotel
499,Ozark,US,88.25,clear sky,37.0209,-93.206,Days Inn by Wyndham Ozark Springfield
501,Sabang,ID,82.65,broken clouds,5.8933,95.3214,Hotel Citra
502,Mnogovershinnyy,RU,77.2,few clouds,53.9353,139.9242,Obshchezhitiye 14
503,Santiago De Cao,PE,60.93,mist,-7.9589,-79.2392,Casa de la tía
504,Santa Isabel Do Rio Negro,BR,73.44,overcast clouds,-0.4139,-65.0192,Hotel GSA
505,Wanning,CN,87.44,overcast clouds,18.8003,110.3967,Paradise Hotel
508,Seydi,TM,84.15,clear sky,39.4816,62.9137,Seydi oteli
509,Guerrero Negro,MX,68.83,few clouds,27.9769,-114.0611,"Casa Laguna, Bed & Breakfast"
511,Miragoane,HT,80.33,scattered clouds,18.4423,-73.0876,Wj hotel
512,Aqtobe,KZ,66.29,clear sky,50.2797,57.2072,"Gostinitsa ""Ilek"" G. Aktobe"
513,Ambon,ID,77.14,scattered clouds,-3.6954,128.1814,Swiss-Belhotel Ambon
515,Sham Churasi,IN,85.33,scattered clouds,31.4997,75.7494,Victoria Resorts
517,Berlevag,NO,53.6,overcast clouds,70.8578,29.0864,Kvitbrakka
518,Pangnirtung,CA,58.5,clear sky,66.1451,-65.7125,Kilabuk Lodge
519,Santa Lucia,ES,63.72,scattered clouds,27.9117,-15.5407,Las Tirajanas
521,Olafsvik,IS,50.88,light rain,64.8945,-23.7142,Hotel Olafsvik
523,Scottsbluff,US,76.28,light rain,41.8666,-103.6672,Hampton Inn & Suites Scottsbluff-Conference Center
524,Dakar,SN,79.68,broken clouds,14.6937,-17.4441,Novotel Dakar
525,Waynesville,US,70.88,scattered clouds,35.4887,-82.9887,Best Western Smoky Mountain Inn
526,Baoding,CN,81.86,overcast clouds,38.8511,115.4903,Xiu Lan Hotel
527,Kamaishi,JP,70.61,light rain,39.2667,141.8833,Hotel Route Inn Kamaishi
528,Hun,LY,73.42,clear sky,29.1268,15.9477,Alrwasi Hotel
529,Coahuayana,MX,78.64,overcast clouds,18.7333,-103.6833,El rranchito michuacan de ocampos
530,Coaticook,CA,59.67,overcast clouds,45.1334,-71.7991,La Nuitée
532,Mount Gambier,AU,51.57,light rain,-37.8333,140.7667,The Commodore
533,Farafangana,MG,63.23,few clouds,-22.8167,47.8333,Miarina
537,Vermilion,US,73.99,overcast clouds,40.1667,-87.7506,Sparkling Springs Cabin
538,Kostomuksha,RU,51.46,overcast clouds,64.571,30.5767,U Mikhailicha
539,Yenagoa,NG,73.62,overcast clouds,4.9247,6.2642,Aridolf Resort Wellness and Spa
543,Puerto Princesa,PH,85.98,scattered clouds,9.7392,118.7353,Deep Forest Garden Inn
544,Garowe,SO,74.32,broken clouds,8.4054,48.4845,Curubo Hotel
546,Moyobamba,PE,66.78,scattered clouds,-6.05,-76.9667,Hospedaje Mariluna
547,Rondonopolis,BR,75.22,overcast clouds,-16.4708,-54.6356,Serras Hotel
548,Delesti,RO,59.32,broken clouds,46.7,27.55,Râșnița
549,Houma,US,80.01,clear sky,29.5958,-90.7195,Courtyard by Marriott Houma
551,Tiksi,RU,41.5,overcast clouds,71.6872,128.8694,Arktika
552,Puerto Escondido,MX,81.43,broken clouds,15.85,-97.0667,Aldea del Bazar Hotel and Spa
553,Brigantine,US,75.15,scattered clouds,39.4101,-74.3646,Legacy Vacation Resorts - Brigantine Beach
554,Bezenchuk,RU,61.9,clear sky,52.982,49.4333,Gostevoy Dom Na Pushkina
555,Ramos Arizpe,MX,75.49,scattered clouds,25.55,-100.9667,Mario's Inn
556,Sola,VU,79.9,few clouds,-13.8833,167.55,Leumerus Bungalows
557,Vredendal,ZA,60.67,clear sky,-31.6683,18.5012,Tharrakamma Guest House
558,Roald,NO,54.75,overcast clouds,62.5833,6.1333,Flem Cabins
559,Villarrica,PY,77.94,light rain,-25.75,-56.4333,Mansión Reljuv Tours SA
560,Kerema,PG,78.55,overcast clouds,-7.9631,145.7785,Frena Lodge
561,Lloydminster,CA,79.02,few clouds,53.2835,-110.0016,BCMInns - Lloydminster
562,Accra,GH,75.07,light rain,5.556,-0.1969,Accra City Hotel
